<?xml version="1.0" encoding="UTF-8"?>
<project-private xmlns="http://www.netbeans.org/ns/project-private/1">
    <code-assistance-data xmlns="http://www.netbeans.org/ns/make-project-private/1">
        <code-model-enabled>true</code-model-enabled>
    </code-assistance-data>
    <data xmlns="http://www.netbeans.org/ns/make-project-private/1">
        <activeConfTypeElem>1</activeConfTypeElem>
        <activeConfIndexElem>0</activeConfIndexElem>
    </data>
    <editor-bookmarks xmlns="http://www.netbeans.org/ns/editor-bookmarks/2" lastBookmarkId="1">
        <file>
            <url>src/GenSolver.cpp</url>
            <bookmark id="1">
                <name/>
                <line>9956</line>
                <key/>
            </bookmark>
        </file>
    </editor-bookmarks>
    <open-files xmlns="http://www.netbeans.org/ns/projectui-open-files/2">
        <group>
            <file>file:/home/majid/Projects/C++/CoCo/src/TTPSolution.cpp</file>
            <file>file:/home/majid/Projects/C++/CoCo/main.cpp</file>
            <file>file:/home/majid/Projects/C++/CoCo/src/TTPSolver.cpp</file>
        </group>
    </open-files>
</project-private>
